country,region,name,water,locate,hint,notes
# Hand-curated list of well-known kite spots (WhereToKite).
# Coordinates are never typed here. `locate` is one of:
#   q:<free text>   Nominatim search (restricted to `country`), first result
#   osm:<n|w|r><id> an OpenStreetMap element (its centre)
# `water`: sea | lagoon | lake. sea -> orientation from natural=coastline;
#   lagoon/lake -> from the nearest natural=water polygon (fallback coastline).
# `hint`: rough expected sea-facing direction (16-point compass), used ONLY as
#   a sanity check and to pick the right shore on sandbars/isthmuses; the
#   published seaFacingDeg is always computed from OSM geometry.
#   Spots kitable from several shores list one side per direction, separated by
#   "|": DIR:label[:water], e.g. "NW:North Sea side|SE:Grevelingen side:lake"
#   (the first side's water must be the row's). Each hour is then scored on the
#   side where the wind works best.
# Lines starting with # are comments.
#
# ---------------------------------------------------------------- France
FR,Côte d'Opale,Malo-les-Bains (Dunkerque),sea,q:Plage de Malo-les-Bains,N,
FR,Côte d'Opale,Calais – Blériot-Plage,sea,q:Blériot-Plage,NNW,
FR,Côte d'Opale,Wissant,sea,q:Plage de Wissant,NW,
FR,Côte d'Opale,Wimereux,sea,q:Wimereux,W,
FR,Côte d'Opale,Hardelot,sea,q:Hardelot-Plage,W,
FR,Côte d'Opale,Le Touquet,sea,q:Le Touquet-Paris-Plage,W,
FR,Côte d'Opale,Berck-sur-Mer,sea,q:Berck plage,W,
FR,Baie de Somme,Fort-Mahon-Plage,sea,q:Fort-Mahon-Plage,W,
FR,Baie de Somme,Le Crotoy,sea,q:Le Crotoy plage,SW,Tidal bay: rideable around high tide only.
FR,Baie de Somme,Cayeux-sur-Mer,sea,q:Cayeux plage,W,
FR,Normandie,Ouistreham – Riva-Bella,sea,q:Plage de Riva-Bella,N,
FR,Normandie,Merville-Franceville,sea,q:Merville-Franceville-Plage,N,
FR,Normandie,Houlgate,sea,osm:w108806424,N,
FR,Normandie,Asnelles,sea,q:Asnelles,N,
FR,Normandie,Utah Beach,sea,q:Utah Beach,E,
FR,Normandie,Siouville-Hague,sea,q:Plage de Siouville,W,
FR,Normandie,Gouville-sur-Mer,sea,q:Plage de Gouville-sur-Mer,W,
FR,Normandie,Agon-Coutainville,sea,q:Plage de Coutainville,W,
FR,Bretagne,Cherrueix,sea,q:Cherrueix plage,N,Bay of Mont-Saint-Michel: huge tidal range; ride around high tide.
FR,Bretagne,Saint-Lunaire – Longchamp,sea,q:Plage de Longchamp Saint-Lunaire,N,
FR,Bretagne,Saint-Michel-en-Grève (Lieue de Grève),sea,q:Lieue de Grève,N,
FR,Bretagne,Santec – Le Dossen,sea,q:Plage du Dossen,NW,
FR,Bretagne,Le Conquet – Blancs Sablons,sea,q:Plage des Blancs Sablons Le Conquet,W,
FR,Bretagne,Pentrez,sea,q:Plage de Pentrez,W,
FR,Bretagne,La Torche,sea,q:Plage de la Torche,W,
FR,Bretagne,Mousterlin,sea,q:Plage de Mousterlin,S,
FR,Bretagne,Gâvres,sea,"q:Grande Plage, Gâvres",SW,
FR,Bretagne,Erdeven – Kerhillio,sea,q:Plage de Kerhillio,SW,
FR,Bretagne,Penthièvre,sea,osm:w1546689396,E:bay side|W:ocean side,Bay side of the Penthièvre isthmus (flat water); the ocean side faces W.
FR,Bretagne,Plouharnel – Les Sables Blancs,sea,q:Sables Blancs Plouharnel,SE,
FR,Bretagne,Carnac – Saint-Colomban,sea,q:Plage de Saint-Colomban Carnac,S,
FR,Pays de la Loire,La Baule,sea,q:Plage de La Baule,S,Town beach: kiting restricted in summer bathing hours.
FR,Pays de la Loire,Saint-Brevin-les-Pins,sea,q:Plage de Saint-Brevin-l'Océan,W,
FR,Pays de la Loire,Notre-Dame-de-Monts,sea,q:Plage de Notre-Dame-de-Monts,W,
FR,Pays de la Loire,Bretignolles-sur-Mer,sea,osm:n13123697769,W,
FR,Pays de la Loire,La Tranche-sur-Mer,sea,q:Plage de La Tranche-sur-Mer,SW,
FR,Charente-Maritime,Châtelaillon-Plage,sea,q:Plage de Châtelaillon,W,
FR,Charente-Maritime,Oléron – Vert-Bois,sea,q:Plage de Vert Bois Dolus,W,
FR,Charente-Maritime,Oléron – Gatseau,sea,q:Plage de Gatseau,S,
FR,Gironde,Lac d'Hourtin-Carcans,lake,q:Hourtin Port,W,Lake: flat water.
FR,Gironde,Lac de Lacanau,lake,osm:w340755108,,Lake: flat water.
FR,Gironde,Bassin d'Arcachon – La Hume,sea,q:Plage de la Hume Gujan-Mestras,N,Tidal basin: ride around high tide.
FR,Languedoc-Roussillon,Le Barcarès,sea,q:Plage du Barcarès,E,
FR,Languedoc-Roussillon,Leucate – Les Coussoules / La Franqui,sea,q:Plage des Coussoules,ESE,Famous tramontane spot; the tramontane (NW) is offshore here: experts only.
FR,Languedoc-Roussillon,Étang de La Palme,lagoon,osm:n4299104622,NW,Shallow flat-water lagoon; launch on the south-east shore.
FR,Languedoc-Roussillon,Port-la-Nouvelle,sea,q:Plage de Port-la-Nouvelle,E,
FR,Languedoc-Roussillon,Gruissan – Les Chalets,sea,q:Plage des Chalets Gruissan,SE,
FR,Languedoc-Roussillon,Sète – Lido,sea,q:Plage des Trois Digues Sète,SE,
FR,Languedoc-Roussillon,Le Grau-du-Roi – L'Espiguette,sea,q:Plage de l'Espiguette,S,
FR,Provence,Saintes-Maries-de-la-Mer – Beauduc,sea,q:Plage de Beauduc,SW,Remote beach (track access).
FR,Provence,Salin-de-Giraud – Piémanson,sea,q:Plage de Piémanson,S,
FR,Provence,Port-Saint-Louis – Plage Napoléon,sea,q:Plage Napoléon Port-Saint-Louis-du-Rhône,S,
FR,Provence,Carro,sea,osm:w610782025,W,
FR,Provence,Marseille – Pointe Rouge,sea,q:Plage de la Pointe Rouge Marseille,W,
FR,Provence,Six-Fours – Le Brusc,sea,q:Plage du Brusc,W,
FR,Provence,Hyères – L'Almanarre,sea,q:Plage de l'Almanarre,W,
FR,Corse,Bonifacio – Piantarella,sea,q:Piantarella,E,
FR,Corse,Bonifacio – Tonnara,sea,q:Plage de la Tonnara Bonifacio,W,
FR,Alpes,Lac de Serre-Ponçon – Boscodon / Crots,lake,osm:n1128590012,,Thermal wind from late morning; kiting forbidden near the bridge and in bathing areas.
FR,Alpes,Lac de Monteynard,lake,osm:n4390731413,,Famous thermal spot (south wind in the afternoon).
FR,Grand Est,Lac du Der – Giffaumont,lake,q:Plage de Giffaumont-Champaubert,,Kite zone regulated (check the club at Port d'Arrigny); forbidden zone in summer.
#
# ---------------------------------------------------------------- Spain
ES,Catalunya,Sant Pere Pescador,sea,osm:w110579310,E,Authorised summer kite zone (piscifactoria area).
ES,Catalunya,Barcelona – Nova Mar Bella,sea,q:Platja de la Nova Mar Bella,SE,City beach: kiting banned 1 Jun–30 Sep; off-season only.
ES,Catalunya,Castelldefels,sea,osm:w1084529243,S,Authorised summer kite zone (online registration required).
ES,Catalunya,Torredembarra,sea,q:Platja dels Muntanyans,SE,Kiting banned 1 Jun–30 Sep (Catalan coast rule).
ES,Catalunya,La Pineda,sea,q:Platja de la Pineda Vila-seca,SE,Kiting banned 1 Jun–30 Sep (Catalan coast rule).
ES,Catalunya,Riumar (Ebro delta),sea,q:Platja de Riumar,NE,Year-round (no seasonal ban).
ES,Catalunya,Platja dels Eucaliptus (Ebro delta),sea,q:Platja dels Eucaliptus,SE,
ES,Catalunya,El Trabucador (Ebro delta),sea,q:Platja del Trabucador,W:bay side|E:sea side,Authorised summer kite zone; flat water on the Badia dels Alfacs (west) side.
ES,Comunitat Valenciana,Valencia – Pinedo,sea,q:Platja de Pinedo,E,
ES,Comunitat Valenciana,Oliva,sea,q:Platja d'Oliva,ENE,
ES,Comunitat Valenciana,Santa Pola – La Gola,sea,q:Playa de La Gola Santa Pola,E,
ES,Murcia,Mar Menor – Los Narejos,lagoon,q:Playa de Los Narejos,E,Flat-water lagoon.
ES,Andalucía,Tarifa – Los Lances,sea,osm:w1465288739,SW,
ES,Andalucía,Tarifa – Valdevaqueros,sea,osm:w186110526,S,
ES,Galicia,Doniños (Ferrol),sea,q:Praia de Doniños,W,
ES,Galicia,Razo (Carballo),sea,q:Praia de Razo,NW,
ES,Galicia,A Lanzada,sea,osm:w173598722,W,
ES,Canarias,Fuerteventura – Sotavento,sea,q:Risco del Paso,SE,
ES,Canarias,Fuerteventura – Flag Beach (Corralejo),sea,osm:w684867252,E,
ES,Canarias,Lanzarote – Famara,sea,q:Playa de Famara,NW,
ES,Canarias,Gran Canaria – Pozo Izquierdo,sea,q:Pozo Izquierdo,E,
ES,Canarias,Tenerife – El Médano,sea,q:Playa de El Médano,SE,
ES,Illes Balears,Mallorca – Son Serra de Marina,sea,q:Platja de Son Serra de Marina,N,
#
ES,Andalucía,El Palmar (Vejer),sea,q:Playa de El Palmar Vejer de la Frontera,SW,
ES,Andalucía,Los Caños de Meca,sea,q:Playa de Los Caños de Meca,S,
ES,Andalucía,Bolonia,sea,q:Playa de Bolonia,S,
ES,Cantabria,Somo,sea,q:Playa de Somo,N,
ES,Cantabria,Laredo – Salvé,sea,q:Playa de Salvé Laredo,N,

# ---------------------------------------------------------------- Portugal
PT,Norte,Viana do Castelo – Cabedelo,sea,osm:w1384166636,W,
PT,Centro,Lagoa de Óbidos,lagoon,osm:n1828415085,N,Flat-water lagoon.
PT,Lisboa,Guincho,sea,q:Praia do Guincho,W,
PT,Lisboa,Fonte da Telha,sea,osm:w222678478,W,
PT,Lisboa,Lagoa de Albufeira,lagoon,q:Lagoa de Albufeira,N,Flat-water lagoon.
PT,Algarve,Alvor,sea,q:Praia de Alvor,S,
PT,Algarve,Lagos – Meia Praia,sea,q:Meia Praia Lagos,SE,
#
PT,Norte,Esposende – Ofir,sea,q:Praia de Ofir,W,
PT,Centro,Aveiro – Praia da Barra,sea,q:Praia da Barra Ílhavo,W,
PT,Centro,Peniche – Baleal,sea,q:Praia do Baleal,NW,North side of the Baleal isthmus.
PT,Algarve,Fuseta (Ria Formosa),lagoon,osm:w78427662,S,Lagoon: flat water; tide matters.

# ---------------------------------------------------------------- Italy
IT,Sardegna,Porto Pollo,sea,q:Porto Pollo Palau,W:west side|E:east side,
IT,Sicilia,Lo Stagnone (Marsala),lagoon,osm:n12407041259,W,Flat-water lagoon.
IT,Calabria,Gizzeria – Hang Loose Beach,sea,q:Gizzeria Lido,W,
IT,Veneto,Lago di Garda – Malcesine,lake,osm:n458123631,W,
#
IT,Puglia,Porto Cesareo – Torre Lapillo,sea,q:Torre Lapillo,SW,
IT,Puglia,Torre Canne,sea,q:Torre Canne,NE,
IT,Veneto,Rosolina Mare,sea,q:Rosolina Mare,E,
IT,Lombardia,Lago di Garda – Campione,lake,q:Campione del Garda,E,"Thermal winds: Pelèr (N) in the morning, Ora (S) in the afternoon."
IT,Lombardia,Lago di Como – Colico,lake,q:Colico,,Thermal Breva (S) in the afternoon.
IT,Sardegna,Porto Botte,sea,q:Porto Botte,S,
IT,Sardegna,Cagliari – Poetto,sea,q:Spiaggia del Poetto,S,
IT,Sardegna,San Teodoro – La Cinta,sea,q:Spiaggia La Cinta,E,

# ---------------------------------------------------------------- Netherlands
NL,Zeeland,Brouwersdam,sea,q:Brouwersdam strand,NW:North Sea side|SE:Grevelingen side:lake,
NL,Zuid-Holland,Hoek van Holland,sea,q:Hoek van Holland,W,
NL,Noord-Holland,Zandvoort,sea,q:Strand Zandvoort,W,
NL,Noord-Holland,IJmuiden,sea,osm:n4508458788,W,
NL,Noord-Holland,Texel – Paal 17,sea,q:Paal 17 Texel,W,
NL,Friesland,Workum (IJsselmeer),lake,q:Workum strand,W,
#
NL,Zeeland,Domburg,sea,q:Strand Domburg,NW,
NL,Zeeland,Vrouwenpolder,sea,q:Strand Vrouwenpolder,NW,
NL,Zuid-Holland,Oostvoorne,sea,q:Strand Oostvoorne,NW,
NL,Zuid-Holland,Maasvlakte – Slufter,sea,q:Slufterstrand,W,
NL,Zuid-Holland,Kijkduin,sea,q:Strand Kijkduin,NW,
NL,Zuid-Holland,Scheveningen,sea,q:Strand Scheveningen,NW,
NL,Zuid-Holland,Noordwijk,sea,q:Strand Noordwijk,W,
NL,Noord-Holland,Wijk aan Zee,sea,q:Strand Wijk aan Zee,W,
NL,Noord-Holland,Callantsoog,sea,q:Strand Callantsoog,W,
NL,Friesland,Makkum (IJsselmeer),lake,"q:Makkum, Súdwest-Fryslân",W,

# ---------------------------------------------------------------- Belgium
BE,Westkust,De Panne,sea,q:Strand De Panne,NW,
BE,Oostkust,Oostende,sea,osm:n7834988905,NW,
BE,Oostkust,Knokke-Heist,sea,q:Strand Knokke,NW,
#
# ---------------------------------------------------------------- United Kingdom
GB,England,Camber Sands,sea,q:Camber Sands,S,
GB,England,Hayling Island,sea,"q:Beachlands, Hayling Island",S,
GB,England,Poole Harbour – Shore Road,lagoon,"q:Shore Road, Poole",W,
GB,England,Weymouth – Portland Harbour,sea,q:Sandsfoot,SE,
GB,England,Exmouth,sea,q:Exmouth Beach,S,
GB,England,Marazion,sea,q:Marazion Beach,S,
GB,England,Saunton Sands,sea,q:Saunton Sands,W,
GB,England,Hunstanton,sea,q:Hunstanton Beach,W,
GB,England,West Kirby,sea,q:West Kirby Beach,W,
GB,Wales,Rhosneigr,sea,q:Rhosneigr Beach,W,
#
GB,England,Brancaster,sea,q:Brancaster Beach,N,
GB,England,Fraisthorpe,sea,q:Fraisthorpe Beach,E,
GB,England,Tynemouth – Longsands,sea,q:Longsands Tynemouth,E,
GB,England,Seasalter (Whitstable),sea,q:Seasalter,N,
GB,England,Joss Bay,sea,q:Joss Bay,E,
GB,England,Lancing,sea,q:Lancing Beach,S,
GB,England,Pevensey Bay,sea,q:Pevensey Bay,S,
GB,England,West Wittering,sea,q:West Wittering Beach,S,Kiting restricted in the summer season.
GB,England,Avon Beach (Mudeford),sea,q:Avon Beach,S,
GB,England,Gwithian,sea,q:Gwithian,NW,
GB,England,Perranporth,sea,q:Perranporth Beach,W,
GB,England,Brean,sea,q:Brean Beach,W,
GB,Wales,Rest Bay (Porthcawl),sea,q:Rest Bay Porthcawl,SW,
GB,Wales,Cefn Sidan (Pembrey),sea,q:Cefn Sidan,SW,
GB,Wales,Abersoch – Hell's Mouth,sea,q:Porth Neigwl,S,
GB,Wales,Llandudno – West Shore,sea,q:West Shore Llandudno,W,
GB,Wales,Newgale,sea,q:Newgale,W,
GB,Scotland,Longniddry Bents,sea,q:Longniddry Bents,N,
GB,Scotland,Belhaven Bay,sea,q:Belhaven Bay,N,
GB,Scotland,St Andrews – West Sands,sea,q:West Sands St Andrews,NE,
GB,Scotland,Aberdeen Beach,sea,q:Aberdeen Beach,E,
GB,Scotland,Lossiemouth – East Beach,sea,q:Lossiemouth East Beach,NE,
GB,Scotland,Dunnet Bay,sea,q:Dunnet Bay,NW,
GB,Scotland,Troon – South Beach,sea,q:Troon South Beach,W,
GB,Scotland,Tiree – Gott Bay,sea,q:Gott Bay,SE,
GB,Scotland,Tiree – Balevullin,sea,q:Balevullin,NW,
GB,Northern Ireland,Portstewart Strand,sea,q:Portstewart Strand,NW,
GB,Northern Ireland,Benone Strand,sea,q:Benone Strand,N,

# ---------------------------------------------------------------- Germany
DE,Schleswig-Holstein,Sankt Peter-Ording,sea,q:Strand Sankt Peter-Ording,W,
DE,Schleswig-Holstein,Sylt – Westerland,sea,q:Strand Westerland,W,
DE,Schleswig-Holstein,Fehmarn – Gold,sea,"q:Gold, Fehmarn",S,
#
DE,Schleswig-Holstein,Fehmarn – Grüner Brink,sea,q:Grüner Brink Fehmarn,N,
DE,Schleswig-Holstein,Fehmarn – Wulfener Hals,sea,q:Wulfener Hals,S,
DE,Schleswig-Holstein,Heiligenhafen,sea,q:Steinwarder Heiligenhafen,N,
DE,Schleswig-Holstein,Laboe,sea,q:Strand Laboe,N,
DE,Mecklenburg-Vorpommern,Rerik – Salzhaff,lagoon,q:Rerik Salzhaff,,Flat-water lagoon.
DE,Niedersachsen,Norddeich,sea,q:Norddeich Strand,NW,Wadden Sea: ride around high tide.
DE,Niedersachsen,Schillig,sea,q:Strand Schillig,NE,Wadden Sea: ride around high tide.
DE,Niedersachsen,Hooksiel,sea,q:Hooksiel Strand,E,
DE,Niedersachsen,Dümmer,lake,q:Hüde Dümmer,,
DE,Niedersachsen,Steinhuder Meer,lake,q:Badeinsel Steinhude,,

# ---------------------------------------------------------------- Denmark
DK,Jylland,Hvide Sande,sea,q:Hvide Sande Nordstrand,W:North Sea side|E:Ringkøbing Fjord side:lagoon,
DK,Jylland,Klitmøller,sea,q:Klitmøller,NW,
DK,Jylland,Rømø – Lakolk,sea,q:Lakolk Strand,W,
DK,Sjælland,Copenhagen – Amager Strandpark,sea,q:Amager Strandpark,E,
#
DK,Jylland,Løkken,sea,q:Løkken Strand,W,
DK,Jylland,Nørre Vorupør,sea,q:Nørre Vorupør,W,
DK,Jylland,Agger Tange,sea,q:Agger Tange,W,
DK,Jylland,Hejlsminde,sea,q:Hejlsminde Strand,E,

# ---------------------------------------------------------------- Greece
GR,Rhodes,Prasonisi,sea,q:Prasonisi Rhodes,W:west side (waves)|SE:east side (flat),Isthmus with two sides: waves on the west side and flatter water on the east side.
GR,Naxos,Mikri Vigla,sea,q:Mikri Vigla,W,
GR,Paros,Pounta,sea,q:Pounta Paros,W,
GR,Kos,Marmari,sea,osm:n6677200338,N,
GR,Lemnos,Keros,sea,osm:w263844492,E,
#
GR,Lefkada,Lefkada – Agios Ioannis,sea,q:Agios Ioannis Lefkada,W,
GR,Crete,Kouremenos (Palaikastro),sea,q:Kouremenos,E,

# ---------------------------------------------------------------- Morocco
MA,Dakhla,Dakhla – Speed Spot (PK25 camps),lagoon,q:Dakhla Attitude,W,"Flat shallow lagoon in front of the PK25 camps (Dakhla Attitude, Dakhla Club); best at low tide."
MA,Dakhla,Dakhla – Dune Blanche,lagoon,q:La dune blanche,W,Flat water behind the white dune; best at high tide.
MA,Dakhla,Dakhla – Oum Labouir (Westpoint),sea,q:Oum Labouir,W,"Atlantic side: waves; wind lighter and gustier in the bay."
MA,Dakhla,Dakhla – Lassarga,lagoon,q:Lassarga,SE,Lagoon shore by the fishing village near the peninsula tip.
MA,Essaouira,Essaouira,sea,osm:w243397848,W,
MA,Essaouira,Moulay Bouzerktoun,sea,q:Moulay Bouzerktoun,W,

# ---------------------------------------------------------------- Ireland
IE,Dublin,Dollymount Strand,sea,q:Dollymount Strand,SE,
IE,Wicklow,Brittas Bay,sea,q:Brittas Bay,E,
IE,Wexford,Rosslare Strand,sea,q:Rosslare Strand,E,
IE,Kerry,Inch Beach,sea,q:Inch Beach Kerry,W,
IE,Kerry,Brandon Bay (Castlegregory),sea,q:Fermoyle Beach,NW,
IE,Mayo,Achill – Keel Beach,sea,q:Keel Strand,SW,
IE,Donegal,Rossnowlagh,sea,q:Rossnowlagh,W,
IE,Donegal,Magheraroarty,sea,q:Magheraroarty,NW,
# ---------------------------------------------------------------- Norway
NO,Rogaland,Sola – Solastranden,sea,q:Solastranden,W,
NO,Rogaland,Hellestø,sea,q:Hellestø,W,
NO,Rogaland,Borestranda,sea,q:Borestranda,W,
NO,Rogaland,Brusand,sea,q:Brusand,SW,
# ---------------------------------------------------------------- Sweden
SE,Halland,Varberg – Apelviken,sea,q:Apelviken,W,
SE,Halland,Mellbystrand,sea,q:Mellbystrand,W,
SE,Skåne,Skanör,sea,q:Skanörs strand,W,
SE,Skåne,Lomma,sea,q:Lomma strand,W,
SE,Skåne,Malmö – Ribersborg,sea,q:Ribersborgsstranden,W,
SE,Kalmar,Öland – Böda,sea,q:Böda sand,E,
SE,Gotland,Gotland – Tofta,sea,q:Tofta strand,W,
# ---------------------------------------------------------------- Finland
FI,Satakunta,Yyteri (Pori),sea,q:Yyteri,W,
FI,Pohjois-Pohjanmaa,Kalajoki – Hiekkasärkät,sea,q:Kalajoen Hiekkasärkät,W,
FI,Pohjois-Pohjanmaa,Oulu – Nallikari,sea,q:Nallikari,W,
# ---------------------------------------------------------------- Baltic states
EE,Pärnumaa,Pärnu,sea,q:Pärnu rand,SW,
EE,Harjumaa,Tallinn – Pirita,sea,q:Pirita rand,W,
LV,Rīga,Jūrmala – Bulduri,sea,q:Bulduru pludmale,N,
LV,Kurzeme,Liepāja,sea,q:Liepāja,W,
LT,Klaipėda,Svencelė (Curonian Lagoon),sea,osm:n2034557394,W,Flat-water lagoon.
# ---------------------------------------------------------------- Poland
PL,Pomorskie,Rewa,sea,q:Rewa Kosakowo,E,
PL,Pomorskie,Chałupy (Hel Peninsula),sea,"q:Chałupy, Władysławowo",SW,Puck Bay side: flat water.
PL,Pomorskie,Kuźnica (Hel Peninsula),sea,q:Kuźnica Jastarnia,SW,Puck Bay side: flat water.
PL,Pomorskie,Jastarnia (Hel Peninsula),sea,q:Jastarnia,SW,Puck Bay side: flat water.
# ---------------------------------------------------------------- Central Europe (lakes)
AT,Burgenland,Podersdorf am See (Neusiedler See),lake,q:Strandbad Podersdorf am See,W,
CH,Graubünden,Silvaplana,lake,q:Silvaplana,,Thermal Maloja wind in the afternoon.
CZ,Jihomoravský,Nové Mlýny (Dolní Věstonice),lake,q:Dolní Věstonice,,
HU,Somogy,Balaton – Siófok,lake,q:Ezüstpart Siófok,N,
# ---------------------------------------------------------------- Balkans
HR,Dubrovnik-Neretva,Viganj (Pelješac),sea,q:Viganj,SW,Afternoon maestral.
HR,Dubrovnik-Neretva,Neretva delta,sea,osm:w193516528,SW,
HR,Zadar,Nin – Ždrijac,sea,q:Plaža Ždrijac,W,
HR,Split-Dalmatia,Bol (Brač),sea,q:Bol Brač,S,
ME,Ulcinj,Velika Plaža (Ulcinj),sea,q:Velika plaža Ulcinj,SW,
ME,Ulcinj,Ada Bojana,sea,q:Ada Bojana,SW,
# ---------------------------------------------------------------- Black Sea
BG,Varna,Shkorpilovtsi,sea,q:Shkorpilovtsi,E,
RO,Constanța,Vadu,sea,q:Plaja Vadu,E,
RO,Constanța,Corbu,sea,q:Plaja Corbu,E,
